team modify BLACK color black
team modify DARK_BLUE color dark_blue
team modify DARK_GREEN color dark_green
team modify DARK_AQUA color dark_aqua
team modify DARK_RED color dark_red
team modify DARK_PURPLE color dark_purple
team modify GOLD color gold
team modify GRAY color gray
team modify DARK_GRAY color dark_gray
team modify BLUE color blue
team modify GREEN color green
team modify AQUA color aqua
team modify RED color red
team modify LIGHT_PURPLE color light_purple
team modify YELLOW color yellow
team modify WHITE color white